id,poop_id,extraction_date,extraction_observer_id,extraction_volume,weigh_date,weigh_observer_id,hair,contaminants_removed,mass_g,extra,box_id
1,000.40,NA,NA,1000,NA,NA,NA,NA,0.05,NA,NA
2,00001,NA,NA,1000,NA,NA,NA,NA,0.05,NA,NA
14,A1766,NA,NA,1000,NA,NA,NA,NA,0.05,NA,NA
31,I5239,NA,NA,1000,NA,NA,NA,NA,0.05,NA,NA
32,K0098,NA,NA,1000,NA,NA,NA,NA,0.05,NA,NA
34,K0666,NA,NA,1000,NA,NA,NA,NA,0.05,NA,NA
35,K1358,NA,NA,1000,NA,NA,NA,NA,0.05,NA,NA
38,K2033,NA,NA,1000,NA,NA,NA,NA,0.05,NA,NA
46,K3502,NA,NA,1000,NA,NA,NA,NA,0.05,NA,NA
53,K4339,NA,NA,1000,NA,NA,NA,NA,0.05,NA,6
54,K5073,NA,NA,1000,NA,NA,NA,NA,0.05,NA,NA
55,K5572,NA,NA,1000,NA,NA,NA,NA,0.05,NA,NA
57,K6060,NA,NA,1000,NA,NA,NA,NA,0.05,NA,NA
65,L1621,NA,NA,1000,NA,NA,NA,NA,0.05,NA,22
66,L1678,NA,NA,1000,NA,NA,NA,NA,0.05,NA,21
69,L1892,NA,NA,1000,NA,NA,NA,NA,0.05,NA,22
70,L2132,NA,NA,1000,NA,NA,NA,NA,0.05,NA,NA
75,P0448,NA,NA,1000,NA,NA,NA,NA,0.05,NA,NA
86,B2918,NA,NA,1000,2015-11-22,NA,FALSE,NA,0.054,NA,77
161,C0420,NA,NA,1000,NA,NA,NA,NA,0.052,NA,NA
162,C0420,NA,NA,1000,NA,NA,NA,NA,0.054,NA,NA
204,K660,NA,NA,1000,NA,NA,NA,NA,0.05,NA,NA
356,000.03,2018-06-01,Mark Castaneda,1000,2018-04-20,Adam Scott,TRUE,NA,0.052,TRUE,16
359,000.06,2018-06-01,Mark Castaneda,1000,2018-06-07,Mark Castaneda,FALSE,NA,0.053,TRUE,NA
368,000.17,2018-06-01,Mark Castaneda,1000,2018-05-31,Mark Castaneda,FALSE,needles removed,0.048,TRUE,NA
369,000.18,2018-06-01,Mark Castaneda,1000,2018-04-23,Adam Scott,TRUE,NA,0.05,TRUE,NA
377,000.29,NA,NA,1000,2019-04-04,Erica Walker,FALSE,NA,0.052,NA,NA
379,000.31,2018-06-01,Mark Castaneda,1000,2018-04-16,Mark Castaneda,FALSE,NA,0.05,TRUE,24
381,000.33,2018-06-01,Mark Castaneda,1000,2018-04-16,Mark Castaneda,FALSE,NA,0.055,TRUE,25
382,000.34,2018-06-01,Mark Castaneda,1000,2018-04-20,Adam Scott,FALSE,NA,0.044,FALSE,24
383,000.36,2018-06-01,Mark Castaneda,1000,2018-04-16,Mark Castaneda,TRUE,NA,0.048,TRUE,NA
389,000.45,NA,NA,1000,2019-04-19,Erica Walker,TRUE,NA,0.05,NA,NA
391,000.48,2018-06-01,Mark Castaneda,1000,2018-06-12,Mark Castaneda,FALSE,NA,0.054,TRUE,NA
406,000.67,2018-06-01,Mark Castaneda,1000,2018-04-13,Jinghan Xu,FALSE,NA,0.052,TRUE,21
407,000.68,2018-07-01,Mark Castaneda,1000,2018-06-18,Mark Castaneda,FALSE,NA,0.052,TRUE,NA
419,000.86,2018-06-01,Mark Castaneda,1000,2018-04-20,Adam Scott,FALSE,NA,0.04,FALSE,24
420,000.87,2018-06-01,Mark Castaneda,1000,2018-06-07,Mark Castaneda,TRUE,NA,0.053,TRUE,NA
432,001.02,2018-06-01,Mark Castaneda,1000,2018-04-20,Adam Scott,FALSE,NA,0.05,TRUE,16
444,001.14,2018-06-01,Mark Castaneda,1000,2018-06-12,Mark Castaneda,FALSE,needles removed,0.05,TRUE,NA
446,001.16,2018-06-01,Mark Castaneda,1000,2018-04-16,Mark Castaneda,FALSE,NA,0.05,TRUE,25
455,001.28,2018-06-01,Mark Castaneda,1000,2018-06-08,Mark Castaneda,FALSE,NA,0.053,TRUE,NA
492,001.74,2018-07-01,Mark Castaneda,1000,2018-06-15,Mark Castaneda,FALSE,NA,0.048,TRUE,NA
494,001.76,2018-06-01,Mark Castaneda,1000,2018-04-20,Adam Scott,FALSE,NA,0.05,TRUE,26
497,001.79,2018-07-01,Mark Castaneda,1000,2018-06-18,Mark Castaneda,FALSE,"bract, grass, and leaf removed",0.056,TRUE,NA
498,001.80,2018-07-01,Mark Castaneda,1000,2018-06-15,Mark Castaneda,FALSE,NA,0.049,TRUE,NA
512,2,2018-06-01,Mark Castaneda,1000,2018-06-01,Mark Castaneda,FALSE,NA,0.055,TRUE,NA
513,2,2018-06-01,Mark Castaneda,1000,2018-06-07,Mark Castaneda,FALSE,NA,0.049,TRUE,NA
517,002.04,2018-06-01,Mark Castaneda,1000,2018-06-07,Mark Castaneda,FALSE,NA,0.05,TRUE,NA
530,002.20,2018-06-01,Mark Castaneda,1000,2018-04-20,Adam Scott,FALSE,NA,0.046,FALSE,NA
535,002.25,2018-06-01,Mark Castaneda,1000,2018-04-20,Adam Scott,FALSE,NA,0.049,TRUE,NA
539,002.29,2018-06-01,Mark Castaneda,1000,2018-04-20,Adam Scott,FALSE,seedling removed,0.05,TRUE,16
544,002.35,2018-06-01,Mark Castaneda,1000,2018-04-20,Adam Scott,FALSE,NA,0.05,TRUE,24
552,002.44,2018-06-01,Mark Castaneda,1000,2018-06-07,Mark Castaneda,FALSE,NA,0.051,TRUE,NA
609,004.52,2018-07-01,Mark Castaneda,1000,2018-06-18,Mark Castaneda,FALSE,NA,0.049,TRUE,NA
616,004.62,2018-06-01,Mark Castaneda,1000,2018-06-01,Mark Castaneda,FALSE,NA,0.049,TRUE,16
617,004.63,NA,NA,1000,2019-01-15,Odessa Fung,TRUE,NA,0.05,NA,NA
629,004.84,2018-07-01,Mark Castaneda,1000,2018-06-18,Mark Castaneda,FALSE,grass removed,0.051,TRUE,NA
645,005.51,2018-06-01,Mark Castaneda,1000,2018-04-20,Adam Scott,FALSE,NA,0.036,FALSE,26
651,005.69,2018-07-01,Mark Castaneda,1000,2018-06-18,Mark Castaneda,FALSE,NA,0.048,TRUE,NA
656,005.84,2018-07-01,Mark Castaneda,1000,2018-06-19,Mark Castaneda,FALSE,NA,0.052,TRUE,NA
673,006.51,NA,NA,1000,2019-03-26,Erica Walker,FALSE,NA,0.049,NA,NA
687,006.79,NA,NA,1000,2019-03-20,Odessa Fung,TRUE,NA,0.05,NA,NA
700,007.30,2018-07-01,Mark Castaneda,1000,2018-06-19,Mark Castaneda,TRUE,NA,0.052,TRUE,NA
703,007.45,NA,NA,1000,2019-03-13,Odessa Fung,FALSE,needles removed,0.052,NA,NA
753,009.74,NA,NA,1000,2018-12-06,Odessa Fung,TRUE,NA,0.05,NA,NA
764,010.30,NA,NA,1000,2019-02-05,Odessa Fung,TRUE,NA,0.05,NA,NA
769,010.51,2018-06-01,Mark Castaneda,1000,2018-06-06,Mark Castaneda,FALSE,root removed,0.05,TRUE,24
774,010.70,2018-06-01,Mark Castaneda,1000,2018-06-05,Mark Castaneda,FALSE,NA,0.049,TRUE,NA
778,010.85,2018-06-01,Mark Castaneda,1000,2018-06-05,Mark Castaneda,FALSE,NA,0.05,TRUE,NA
782,11,NA,NA,1000,2019-03-26,Erica Walker,TRUE,NA,0.051,NA,NA
795,011.40,NA,NA,1000,2019-02-20,Odessa Fung,TRUE,NA,0.05,NA,NA
842,13,NA,NA,1000,2019-01-15,Odessa Fung,TRUE,NA,0.05,NA,NA
851,013.33,2018-06-01,Mark Castaneda,1000,2018-06-04,Mark Castaneda,FALSE,NA,0.05,TRUE,NA
857,013.48,2018-06-01,Mark Castaneda,1000,2018-06-05,Mark Castaneda,FALSE,NA,0.048,TRUE,25
904,014.95,NA,NA,1000,2019-02-13,Odessa Fung,TRUE,NA,0.051,NA,NA
911,015.08,2018-07-01,Mark Castaneda,1000,2018-06-15,Mark Castaneda,FALSE,NA,0.047,TRUE,24
916,015.26,2018-06-01,Mark Castaneda,1000,2018-04-16,Mark Castaneda,FALSE,NA,0.051,TRUE,25
984,017.54,NA,NA,1000,2018-11-20,Erica Walker,TRUE,NA,0.048,NA,NA
991,017.78,NA,NA,1000,2018-12-06,Odessa Fung,TRUE,NA,0.051,NA,NA
996,18,NA,NA,1000,2018-11-09,Erica Walker,FALSE,NA,0.049,NA,NA
1011,018.67,NA,NA,1000,2019-01-16,Odessa Fung,TRUE,NA,0.05,NA,NA
1013,018.76,NA,NA,1000,2018-11-20,Erica Walker,FALSE,plant material removed,0.051,NA,NA
1025,19,NA,NA,1000,2019-01-15,Odessa Fung,TRUE,NA,0.051,NA,NA
1031,019.30,NA,NA,1000,2019-01-22,Odessa Fung,TRUE,NA,0.049,NA,NA
1057,20,NA,NA,1000,2019-01-15,Odessa Fung,FALSE,NA,0.05,NA,NA
1060,020.16,NA,NA,1000,2019-03-19,Odessa Fung,FALSE,NA,0.052,NA,NA
1062,020.20,NA,NA,1000,2019-03-13,Odessa Fung,TRUE,NA,0.05,NA,NA
1076,020.70,NA,NA,1000,2019-02-06,Odessa Fung,TRUE,NA,0.052,NA,NA
1083,21,NA,NA,1000,2019-02-01,Odessa Fung,TRUE,plant material removed,0.05,NA,NA
1102,021.61,NA,NA,1000,2019-03-13,Odessa Fung,TRUE,NA,0.049,NA,NA
1105,021.79,NA,NA,1000,2018-11-09,Odessa Fung,FALSE,NA,0.049,NA,NA
1111,021.98,NA,NA,1000,2018-11-20,Erica Walker,TRUE,plant material removed,0.049,NA,NA
1134,23,NA,NA,1000,2019-04-18,Erica Walker,TRUE,needles removed,0.049,NA,NA
1139,023.17,NA,NA,1000,2019-01-15,Odessa Fung,TRUE,NA,0.05,NA,NA
1145,023.31,NA,NA,1000,2019-03-19,Odessa Fung,FALSE,NA,0.05,NA,NA
1169,024.21,NA,NA,1000,2018-12-06,Odessa Fung,TRUE,NA,0.049,NA,NA
1285,031.11,NA,NA,1000,2019-04-16,Erica Walker,TRUE,NA,0.05,NA,NA
1288,031.35,NA,NA,1000,2019-04-19,Erica Walker,TRUE,NA,0.05,NA,NA
1299,033.48,NA,NA,1000,2019-04-05,Erica Walker,FALSE,NA,0.05,NA,NA
1308,034.79,NA,NA,1000,2019-04-19,Erica Walker,FALSE,NA,0.05,NA,NA
1309,035.29,NA,NA,1000,2019-04-16,Erica Walker,TRUE,NA,0.051,NA,NA
1315,035.91,NA,NA,1000,2018-11-16,Odessa Fung,TRUE,NA,0.051,NA,NA
1333,37,NA,NA,1000,2019-04-04,Erica Walker,FALSE,NA,0.049,NA,NA
1336,037.10,NA,NA,1000,2019-03-13,Odessa Fung,FALSE,plant material removed,0.049,NA,NA
1347,038.40,NA,NA,1000,2019-04-05,Erica Walker,FALSE,NA,0.05,NA,NA
1349,038.72,NA,NA,1000,2019-04-18,Erica Walker,FALSE,NA,0.05,NA,NA
1353,039.04,NA,NA,1000,2019-04-04,Erica Walker,TRUE,needles removed,0.05,NA,NA
1363,040.08,NA,NA,1000,2019-04-19,Erica Walker,TRUE,NA,0.051,NA,NA
1365,811.11,2018-06-01,Mark Castaneda,1000,2018-06-04,Mark Castaneda,FALSE,NA,0.055,TRUE,NA
1366,918.20,NA,NA,1000,2019-03-13,Odessa Fung,TRUE,needles removed,0.05,NA,NA
1367,12010,NA,NA,1000,NA,NA,NA,NA,0.057,NA,NA
1374,12-06,NA,NA,1000,NA,NA,NA,NA,0.057,NA,30
1424,121-07,NA,NA,1000,NA,NA,NA,NA,0.053,NA,2
1425,122-07,NA,NA,1000,NA,NA,NA,NA,0.052,NA,2
1428,125-07,NA,NA,1000,NA,NA,NA,NA,0.051,NA,2
1432,129-07,NA,NA,1000,NA,NA,NA,NA,0.053,NA,29
1434,131-07,NA,NA,1000,NA,NA,NA,NA,0.058,NA,2
1442,139-07,NA,NA,1000,NA,NA,NA,NA,0.054,NA,2
1443,140-07,NA,NA,1000,NA,NA,NA,NA,0.053,NA,2
1446,143-07,NA,NA,1000,NA,NA,NA,NA,0.057,NA,2
1447,144-07,NA,NA,1000,NA,NA,NA,NA,0.05,NA,2
1448,145-07,NA,NA,1000,NA,NA,NA,NA,0.056,NA,2
1449,146-07,NA,NA,1000,NA,NA,NA,NA,0.053,NA,17
1450,147-07,NA,NA,1000,NA,NA,NA,NA,0.054,NA,NA
1451,148-07,NA,NA,1000,NA,NA,NA,NA,0.057,NA,NA
1452,149-07,NA,NA,1000,NA,NA,NA,NA,0.056,NA,NA
1453,150-07,NA,NA,1000,NA,NA,NA,NA,0.057,NA,2
1454,151-07,NA,NA,1000,NA,NA,NA,NA,0.05,NA,NA
1455,152-07,NA,NA,1000,NA,NA,NA,NA,0.052,NA,18
1456,153-07,NA,NA,1000,NA,NA,NA,NA,0.048,NA,18
1457,154-07,NA,NA,1000,NA,NA,NA,NA,0.056,NA,17
1458,155-07,NA,NA,1000,NA,NA,NA,NA,0.053,NA,17
1459,156-07,NA,NA,1000,NA,NA,NA,NA,0.055,NA,16
1460,157-07,NA,NA,1000,NA,NA,NA,NA,0.052,NA,17
1461,158-07,NA,NA,1000,NA,NA,NA,NA,0.059,NA,17
1511,71-07,NA,NA,1000,NA,NA,NA,NA,0.056,NA,NA
1512,72-07,NA,NA,1000,NA,NA,NA,NA,0.051,NA,NA
1513,73-07,NA,NA,1000,NA,NA,NA,NA,0.054,NA,33
1514,74-07,NA,NA,1000,NA,NA,NA,NA,0.055,NA,NA
1515,75-07,NA,NA,1000,NA,NA,NA,NA,0.056,NA,NA
1516,76-07,NA,NA,1000,NA,NA,NA,NA,0.051,NA,2
1517,77-07,NA,NA,1000,NA,NA,NA,NA,0.052,NA,2
1518,78-07,NA,NA,1000,NA,NA,NA,NA,0.051,NA,2
1519,79-07,NA,NA,1000,NA,NA,NA,NA,0.053,NA,2
1520,80-07,NA,NA,1000,NA,NA,NA,NA,0.054,NA,2
1521,81-07,NA,NA,1000,NA,NA,NA,NA,0.055,NA,2
1522,82-07,NA,NA,1000,NA,NA,NA,NA,0.057,NA,2
1523,83-07,NA,NA,1000,NA,NA,NA,NA,0.055,NA,2
1524,84-07,NA,NA,1000,NA,NA,NA,NA,0.054,NA,2
1525,85-07,NA,NA,1000,NA,NA,NA,NA,0.053,NA,33
1526,86-07,NA,NA,1000,NA,NA,NA,NA,0.051,NA,2
1527,87-07,NA,NA,1000,NA,NA,NA,NA,0.055,NA,33
1528,88-07,NA,NA,1000,NA,NA,NA,NA,0.056,NA,2
1529,89-07,NA,NA,1000,NA,NA,NA,NA,0.052,NA,2
1530,90-07,NA,NA,1000,NA,NA,NA,NA,0.052,NA,2
1531,91-07,NA,NA,1000,NA,NA,NA,NA,0.055,NA,2
1532,92-07,NA,NA,1000,NA,NA,NA,NA,0.057,NA,2
1533,93-07,NA,NA,1000,NA,NA,NA,NA,0.053,NA,2
1534,94-07,NA,NA,1000,NA,NA,NA,NA,0.054,NA,2
1535,95-07,NA,NA,1000,NA,NA,NA,NA,0.052,NA,2
1536,96-07,NA,NA,1000,NA,NA,NA,NA,0.054,NA,2
1537,97-07,NA,NA,1000,NA,NA,NA,NA,0.055,NA,2
1538,98-07,NA,NA,1000,NA,NA,NA,NA,0.056,NA,2
1539,99-07,NA,NA,1000,NA,NA,NA,NA,0.054,NA,2
1582,A0137,NA,NA,1000,2015-11-12,NA,FALSE,NA,0.049,NA,47
1599,A0199,NA,NA,1000,2017-04-01,NA,FALSE,NA,0.052,NA,NA
1621,A0278,NA,NA,1000,2017-04-01,NA,FALSE,NA,0.052,NA,NA
1626,A0291,NA,NA,1000,2017-04-01,NA,FALSE,NA,0.051,NA,NA
1647,A0355,NA,NA,1000,2017-04-01,NA,FALSE,NA,0.005,NA,NA
1724,A0572,NA,NA,1000,2015-11-12,NA,TRUE,bracts removed,0.048,NA,48
1768,A0671,NA,NA,1000,2015-11-11,NA,FALSE,bracts removed,0.049,NA,48
1805,A0741,NA,NA,1000,NA,NA,NA,NA,0.046,NA,8
1846,A0839,NA,NA,1000,2017-04-01,NA,TRUE,needles removed,0.052,NA,NA
1853,A0850,NA,NA,1000,NA,NA,NA,NA,0.02,NA,9
1877,A0896,NA,NA,1000,2015-11-11,NA,FALSE,grass removed,0.05,NA,NA
1884,A0909,NA,NA,1000,2015-11-11,NA,FALSE,leaves removed,0.052,NA,48
1899,A0932,NA,NA,1000,NA,NA,NA,NA,0.052,NA,10
1905,A0940,NA,NA,1000,NA,NA,NA,NA,0.051,NA,1
1918,A0969,NA,NA,1000,NA,NA,NA,NA,0.054,NA,1
1979,A1124,NA,NA,1000,2015-11-11,NA,TRUE,bracts removed,0.048,NA,48
2040,A1366,NA,NA,1000,NA,NA,NA,NA,0.052,NA,10
2042,A1371,NA,NA,1000,2015-11-11,NA,FALSE,bracts removed,0.054,NA,50
2064,A1497,NA,NA,1000,NA,NA,NA,NA,0.057,NA,20
2086,A1780,NA,NA,1000,2015-11-05,NA,FALSE,bract and grass removed,0.048,NA,50
2102,A1943,NA,NA,1000,2015-11-04,NA,FALSE,bracts removed,0.036,NA,20
2107,A3077,NA,NA,1000,2015-11-20,NA,TRUE,NA,0.047,NA,NA
2124,B0050,NA,NA,1000,NA,NA,NA,NA,0.05,NA,20
2128,B0062,NA,NA,1000,NA,NA,NA,NA,0.051,NA,1
2132,B0089,NA,NA,1000,NA,NA,NA,NA,0.052,NA,10
2133,B0090,NA,NA,1000,NA,NA,NA,NA,0.027,NA,NA
2134,B0095,NA,NA,1000,NA,NA,NA,NA,0.062,NA,10
2138,B0109,NA,NA,1000,NA,NA,NA,NA,0.052,NA,10
2143,B0124,NA,NA,1000,NA,NA,NA,NA,0.054,NA,28
2148,B0143,NA,NA,1000,NA,NA,NA,NA,0.052,NA,1
2172,B0213,NA,NA,1000,NA,NA,NA,NA,0.056,NA,10
2175,B0230,NA,NA,1000,NA,NA,NA,NA,0.051,NA,10
2214,B0360,NA,NA,1000,2015-11-02,NA,FALSE,NA,0.049,NA,73
2219,B0395,NA,NA,1000,2015-11-23,NA,FALSE,NA,0.051,NA,73
2235,B0439,NA,NA,1000,NA,NA,NA,NA,0.054,NA,10
2236,B0442,NA,NA,1000,NA,NA,NA,NA,0.052,NA,26
2251,B0488,NA,NA,1000,2015-11-01,NA,FALSE,grass removed,0.053,NA,73
2263,B0519,NA,NA,1000,NA,NA,NA,NA,0.027,NA,NA
2269,B0532,NA,NA,1000,NA,NA,NA,NA,0.054,NA,10
2271,B0535,NA,NA,1000,NA,NA,NA,NA,0.056,NA,NA
2274,B0540,NA,NA,1000,NA,NA,NA,NA,0.05,NA,27
2277,B0553,NA,NA,1000,NA,NA,NA,NA,0.056,NA,1
2284,B0575,NA,NA,1000,NA,NA,NA,NA,0.059,NA,4
2289,B0588,NA,NA,1000,2015-11-03,NA,FALSE,bracts removed,0.053,NA,73
2298,B0612,NA,NA,1000,NA,NA,NA,NA,0.055,NA,3
2303,B0629,NA,NA,1000,NA,NA,NA,NA,0.05,NA,3
2307,B0634,NA,NA,1000,2015-11-03,NA,FALSE,NA,0.05,NA,NA
2309,B0640,NA,NA,1000,NA,NA,NA,NA,0.054,NA,13
2315,B0650,NA,NA,1000,NA,NA,NA,NA,0.051,NA,1
2318,B0659,NA,NA,1000,NA,NA,NA,NA,0.051,NA,12
2322,B0672,NA,NA,1000,NA,NA,NA,NA,0.052,NA,10
2331,B0690,NA,NA,1000,NA,NA,NA,NA,0.055,NA,12
2332,B0692,NA,NA,1000,NA,NA,NA,NA,0.054,NA,10
2333,B0694,NA,NA,1000,NA,NA,NA,NA,0.054,NA,NA
2335,B0699,NA,NA,1000,NA,NA,NA,NA,0.054,NA,27
2338,B0707,NA,NA,1000,NA,NA,NA,NA,0.058,NA,1
2342,B0719,NA,NA,1000,NA,NA,NA,NA,0.053,NA,12
2343,B0720,NA,NA,1000,NA,NA,NA,NA,0.055,NA,13
2357,B0758,NA,NA,1000,NA,NA,NA,NA,0.056,NA,5
2359,B0765,NA,NA,1000,NA,NA,NA,NA,0.052,NA,1
2362,B0771,NA,NA,1000,2015-11-05,NA,FALSE,NA,0.049,NA,53
2375,B0801,NA,NA,1000,NA,NA,NA,NA,0.053,NA,10
2382,B0815,NA,NA,1000,NA,NA,NA,NA,0.053,NA,2
2384,B0824,NA,NA,1000,NA,NA,NA,NA,0.052,NA,NA
2385,B0825,NA,NA,1000,NA,NA,NA,NA,0.051,NA,10
2387,B0835,NA,NA,1000,NA,NA,NA,NA,0.052,NA,12
2395,B0859,NA,NA,1000,NA,NA,NA,NA,0.052,NA,3
2400,B0869,NA,NA,1000,NA,NA,NA,NA,0.054,NA,27
2409,B0893,NA,NA,1000,NA,NA,NA,NA,0.051,NA,10
2427,B0925,NA,NA,1000,NA,NA,NA,NA,0.051,NA,4
2431,B0931,NA,NA,1000,NA,NA,NA,NA,0.056,NA,3
2435,B0941,NA,NA,1000,NA,NA,NA,NA,0.056,NA,1
2461,B1009,NA,NA,1000,NA,NA,NA,NA,0.052,NA,1
2464,B1014,NA,NA,1000,NA,NA,NA,NA,0.06,NA,3
2465,B1018,NA,NA,1000,NA,NA,NA,NA,0.053,NA,10
2467,B1029,NA,NA,1000,NA,NA,NA,NA,0.059,NA,3
2468,B1030,NA,NA,1000,NA,NA,NA,NA,0.054,NA,10
2469,B1031,NA,NA,1000,NA,NA,NA,NA,0.053,NA,10
2471,B1038,NA,NA,1000,NA,NA,NA,NA,0.053,NA,27
2477,B1053,NA,NA,1000,NA,NA,NA,NA,0.051,NA,1
2478,B1056,NA,NA,1000,NA,NA,NA,NA,0.059,NA,10
2484,B1070,NA,NA,1000,NA,NA,NA,NA,0.053,NA,27
2487,B1073,NA,NA,1000,NA,NA,NA,NA,0.059,NA,10
2491,B1081,NA,NA,1000,NA,NA,NA,NA,0.057,NA,5
2499,B1103,NA,NA,1000,NA,NA,NA,NA,0.054,NA,1
2503,B1113,NA,NA,1000,NA,NA,NA,NA,0.057,NA,5
2504,B1115,NA,NA,1000,NA,NA,NA,NA,0.054,NA,4
2505,B1116,NA,NA,1000,NA,NA,NA,NA,0.036,NA,3
2506,B1117,NA,NA,1000,NA,NA,NA,NA,0.058,NA,NA
2509,B1121,NA,NA,1000,NA,NA,NA,NA,0.052,NA,27
2511,B1128,NA,NA,1000,NA,NA,NA,NA,0.02,NA,3
2516,B1143,NA,NA,1000,NA,NA,NA,NA,0.055,NA,3
2517,B1144,NA,NA,1000,NA,NA,NA,NA,0.054,NA,NA
2519,B1146,NA,NA,1000,NA,NA,NA,NA,0.052,NA,10
2523,B1153,NA,NA,1000,NA,NA,NA,NA,0.064,NA,3
2531,B1168,NA,NA,1000,NA,NA,NA,NA,0.052,NA,1
2533,B1171,NA,NA,1000,NA,NA,NA,NA,0.054,NA,3
2545,B1196,NA,NA,1000,NA,NA,NA,NA,0.051,NA,4
2547,B1199,NA,NA,1000,NA,NA,NA,NA,0.05,NA,3
2551,B1205,NA,NA,1000,NA,NA,NA,NA,0.052,NA,NA
2555,B1216,NA,NA,1000,NA,NA,NA,NA,0.051,NA,3
2556,B1219,NA,NA,1000,NA,NA,NA,NA,0.057,NA,5
2559,B1230,NA,NA,1000,NA,NA,NA,NA,0.025,NA,3
2562,B1234,NA,NA,1000,NA,NA,NA,NA,0.053,NA,3
2565,B1237,NA,NA,1000,NA,NA,NA,NA,0.055,NA,3
2568,B1242,NA,NA,1000,NA,NA,NA,NA,0.056,NA,20
2569,B1247,NA,NA,1000,NA,NA,NA,NA,0.052,NA,19
2573,B1253,NA,NA,1000,NA,NA,NA,NA,0.054,NA,3
2575,B1259,NA,NA,1000,NA,NA,NA,NA,0.059,NA,3
2576,B1260,NA,NA,1000,NA,NA,NA,NA,0.05,NA,5
2578,B1263,NA,NA,1000,NA,NA,NA,NA,0.053,NA,NA
2584,B1272,NA,NA,1000,NA,NA,NA,NA,0.008,NA,NA
2585,B1275,NA,NA,1000,NA,NA,NA,NA,0.038,NA,1
2597,B1304,NA,NA,1000,NA,NA,NA,NA,0.056,NA,3
2598,B1308,NA,NA,1000,NA,NA,NA,NA,0.052,NA,28
2602,B1318,NA,NA,1000,NA,NA,NA,NA,0.051,NA,5
2605,B1339,NA,NA,1000,NA,NA,NA,NA,0.052,NA,27
2610,B1358,NA,NA,1000,NA,NA,NA,NA,0.02,NA,NA
2612,B1364,NA,NA,1000,NA,NA,NA,NA,0.054,NA,NA
2617,B1379,NA,NA,1000,NA,NA,NA,NA,0.053,NA,3
2620,B1384,NA,NA,1000,NA,NA,NA,NA,0.052,NA,NA
2624,B1391,NA,NA,1000,NA,NA,NA,NA,0.053,NA,3
2632,B1401,NA,NA,1000,NA,NA,NA,NA,0.054,NA,5
2633,B1402,NA,NA,1000,NA,NA,NA,NA,0.033,NA,3
2634,B1403,NA,NA,1000,NA,NA,NA,NA,0.054,NA,3
2638,B1409,NA,NA,1000,NA,NA,NA,NA,0.055,NA,5
2640,B1411,NA,NA,1000,NA,NA,NA,NA,0.057,NA,3
2642,B1421,NA,NA,1000,NA,NA,NA,NA,0.054,NA,3
2644,B1426,NA,NA,1000,NA,NA,NA,NA,0.053,NA,2
2648,B1433,NA,NA,1000,NA,NA,NA,NA,0.06,NA,3
2650,B1439,NA,NA,1000,NA,NA,NA,NA,0.054,NA,3
2653,B1447,NA,NA,1000,NA,NA,NA,NA,0.016,NA,5
2655,B1450,NA,NA,1000,NA,NA,NA,NA,0.053,NA,4
2657,B1456,NA,NA,1000,NA,NA,NA,NA,0.058,NA,3
2659,B1459,NA,NA,1000,NA,NA,NA,NA,0.053,NA,3
2662,B1463,NA,NA,1000,NA,NA,NA,NA,0.05,NA,NA
2663,B1465,NA,NA,1000,NA,NA,NA,NA,0.05,NA,NA
2664,B1470,NA,NA,1000,NA,NA,NA,NA,0.052,NA,3
2666,B1478,NA,NA,1000,NA,NA,NA,NA,0.054,NA,3
2669,B1481,NA,NA,1000,NA,NA,NA,NA,0.058,NA,7
2673,B1492,NA,NA,1000,NA,NA,NA,NA,0.056,NA,3
2676,B1496,NA,NA,1000,NA,NA,NA,NA,0.055,NA,3
2677,B1497,NA,NA,1000,NA,NA,NA,NA,0.054,NA,3
2694,B1521,NA,NA,1000,NA,NA,NA,NA,0.052,NA,13
2700,B1529,NA,NA,1000,NA,NA,NA,NA,0.052,NA,NA
2708,B1541,NA,NA,1000,NA,NA,NA,NA,0.051,NA,3
2716,B1557,NA,NA,1000,NA,NA,NA,NA,0.051,NA,7
2729,B1589,NA,NA,1000,2015-11-01,NA,FALSE,NA,0.048,NA,49
2734,B1597,NA,NA,1000,NA,NA,NA,NA,0.054,NA,5
2741,B1610,NA,NA,1000,NA,NA,NA,NA,0.056,NA,43
2752,B1630,NA,NA,1000,NA,NA,NA,NA,0.051,NA,3
2754,B1632,NA,NA,1000,NA,NA,NA,NA,0.05,NA,3
2755,B1636,NA,NA,1000,NA,NA,NA,NA,0.055,NA,10
2758,B1645,NA,NA,1000,2015-10-30,NA,FALSE,needles removed,0.049,NA,49
2761,B1649,NA,NA,1000,NA,NA,NA,NA,0.052,NA,5
2763,B1652,NA,NA,1000,NA,NA,NA,NA,0.007,NA,3
2771,B1669,NA,NA,1000,NA,NA,NA,NA,0.055,NA,5
2772,B1670,NA,NA,1000,NA,NA,NA,NA,0.05,NA,43
2773,B1671,NA,NA,1000,NA,NA,NA,NA,0.055,NA,3
2776,B1677,NA,NA,1000,NA,NA,NA,NA,0.055,NA,3
2788,B1699,NA,NA,1000,NA,NA,NA,NA,0.051,NA,3
2789,B1701,NA,NA,1000,NA,NA,NA,NA,0.056,NA,36
2792,B1710,NA,NA,1000,2015-11-30,NA,FALSE,NA,0.042,NA,45
2794,B1713,NA,NA,1000,NA,NA,NA,NA,0.056,NA,6
2795,B1714,NA,NA,1000,NA,NA,NA,NA,0.055,NA,19
2799,B1726,NA,NA,1000,NA,NA,NA,NA,0.05,NA,18
2800,B1728,NA,NA,1000,NA,NA,NA,NA,0.05,NA,19
2802,B1731,NA,NA,1000,NA,NA,NA,NA,0.054,NA,20
2806,B1742,NA,NA,1000,2015-12-01,NA,FALSE,NA,0.048,NA,45
2808,B1747,NA,NA,1000,NA,NA,NA,NA,0.055,NA,6
2809,B1752,NA,NA,1000,NA,NA,NA,NA,0.057,NA,9
2810,B1754,NA,NA,1000,NA,NA,NA,NA,0.052,NA,10
2814,B1763,NA,NA,1000,NA,NA,NA,NA,0.052,NA,5
2819,B1776,NA,NA,1000,NA,NA,NA,NA,0.039,NA,5
2825,B1789,NA,NA,1000,NA,NA,NA,NA,0.055,NA,3
2829,B1794,NA,NA,1000,NA,NA,NA,NA,0.054,NA,NA
2830,B1795,NA,NA,1000,NA,NA,NA,NA,0.036,NA,17
2831,B1796,NA,NA,1000,NA,NA,NA,NA,0.06,NA,3
2832,B1797,NA,NA,1000,NA,NA,NA,NA,0.054,NA,5
2836,B1811,NA,NA,1000,NA,NA,NA,NA,0.055,NA,5
2837,B1812,NA,NA,1000,NA,NA,NA,NA,0.021,NA,43
2841,B1826,NA,NA,1000,NA,NA,NA,NA,0.052,NA,NA
2844,B1829,NA,NA,1000,NA,NA,NA,NA,0.058,NA,3
2851,B1842,NA,NA,1000,NA,NA,NA,NA,0.052,NA,19
2857,B1853,NA,NA,1000,NA,NA,NA,NA,0.054,NA,5
2858,B1856,NA,NA,1000,NA,NA,NA,NA,0.06,NA,27
2863,B1864,NA,NA,1000,NA,NA,NA,NA,0.053,NA,6
2867,B1871,NA,NA,1000,NA,NA,NA,NA,0.033,NA,10
2874,B1885,NA,NA,1000,NA,NA,NA,NA,0.055,NA,6
2875,B1889,NA,NA,1000,NA,NA,NA,NA,0.015,NA,10
2879,B1898,NA,NA,1000,NA,NA,NA,NA,0.05,NA,3
2883,B1905,NA,NA,1000,NA,NA,NA,NA,0.053,NA,1
2888,B1919,NA,NA,1000,NA,NA,NA,NA,0.051,NA,3
2892,B1933,NA,NA,1000,NA,NA,NA,NA,0.052,NA,5
2895,B1938,NA,NA,1000,NA,NA,NA,NA,0.05,NA,27
2903,B1956,NA,NA,1000,NA,NA,NA,NA,0.054,NA,NA
2915,B1983,NA,NA,1000,NA,NA,NA,NA,0.054,NA,7
2919,B1992,NA,NA,1000,NA,NA,NA,NA,0.052,NA,20
2923,B2000,NA,NA,1000,NA,NA,NA,NA,0.052,NA,26
2925,B2002,NA,NA,1000,NA,NA,NA,NA,0.051,NA,10
2939,B2022,NA,NA,1000,2015-11-05,NA,TRUE,leaves removed,0.053,NA,47
2940,B2023,NA,NA,1000,NA,NA,NA,NA,0.056,NA,27
2941,B2024,NA,NA,1000,NA,NA,NA,NA,0.055,NA,10
2943,B2028,NA,NA,1000,NA,NA,NA,NA,0.052,NA,NA
2945,B2032,NA,NA,1000,NA,NA,NA,NA,0.043,NA,NA
2946,B2034,NA,NA,1000,NA,NA,NA,NA,0.051,NA,5
2950,B2039,NA,NA,1000,NA,NA,NA,NA,0.056,NA,10
2961,B2059,NA,NA,1000,NA,NA,NA,NA,0.063,NA,10
2962,B2061,NA,NA,1000,NA,NA,NA,NA,0.054,NA,5
2964,B2066,NA,NA,1000,NA,NA,NA,NA,0.055,NA,NA
2966,B2069,NA,NA,1000,NA,NA,NA,NA,0.058,NA,19
2967,B2071,NA,NA,1000,NA,NA,NA,NA,0.037,NA,27
2968,B2072,NA,NA,1000,NA,NA,NA,NA,0.019,NA,NA
2970,B2074,NA,NA,1000,NA,NA,NA,NA,0.029,NA,47
2970,B2074,NA,NA,1000,NA,NA,NA,NA,0.029,NA,26
2974,B2081,NA,NA,1000,NA,NA,NA,NA,0.052,NA,10
2978,B2088,NA,NA,1000,NA,NA,NA,NA,0.053,NA,5
2980,B2090,NA,NA,1000,NA,NA,NA,NA,0.05,NA,5
2981,B2093,NA,NA,1000,NA,NA,NA,NA,0.051,NA,47
2989,B2106,NA,NA,1000,NA,NA,NA,NA,0.051,NA,6
2994,B2121,NA,NA,1000,NA,NA,NA,NA,0.053,NA,10
2996,B2126,NA,NA,1000,NA,NA,NA,NA,0.055,NA,10
2997,B2128,NA,NA,1000,NA,NA,NA,NA,0.054,NA,5
3001,B2132,NA,NA,1000,NA,NA,NA,NA,0.055,NA,10
3002,B2134,NA,NA,1000,NA,NA,NA,NA,0.056,NA,27
3005,B2139,NA,NA,1000,NA,NA,NA,NA,0.052,NA,10
3012,B2149,NA,NA,1000,NA,NA,NA,NA,0.054,NA,9
3022,B2189,NA,NA,1000,NA,NA,NA,NA,0.051,NA,46
3025,B2194,NA,NA,1000,NA,NA,NA,NA,0.054,NA,17
3036,B2209,NA,NA,1000,NA,NA,NA,NA,0.048,NA,28
3040,B2217,NA,NA,1000,NA,NA,NA,NA,0.049,NA,5
3064,B2312,NA,NA,1000,NA,NA,NA,NA,0.053,NA,5
3067,B2316,NA,NA,1000,NA,NA,NA,NA,0.051,NA,NA
3079,B2347,NA,NA,1000,NA,NA,NA,NA,0.051,NA,1
3088,B2368,NA,NA,1000,2015-11-05,NA,FALSE,NA,0.047,NA,46
3091,B2376,NA,NA,1000,NA,NA,NA,NA,0.053,NA,1
3094,B2383,NA,NA,1000,NA,NA,NA,NA,0.053,NA,19
3095,B2384,NA,NA,1000,NA,NA,NA,NA,0.051,NA,NA
3098,B2396,NA,NA,1000,2015-11-05,NA,FALSE,bracts removed,0.05,NA,46
3104,B2413,NA,NA,1000,NA,NA,NA,NA,0.054,NA,1
3108,B2426,NA,NA,1000,2015-11-01,NA,FALSE,NA,0.019,NA,46
3112,B2433,NA,NA,1000,NA,NA,NA,NA,0.05,NA,NA
3120,B2523,NA,NA,1000,2015-11-01,NA,FALSE,NA,0.049,NA,NA
3124,B2556,NA,NA,1000,NA,NA,NA,NA,0.055,NA,43
3128,B2566,NA,NA,1000,NA,NA,NA,NA,0.055,NA,5
3139,B2594,NA,NA,1000,2015-11-05,NA,FALSE,bracts removed,0.05,NA,46
3140,B2595,NA,NA,1000,NA,NA,NA,NA,0.055,NA,5
3144,B2601,NA,NA,1000,2015-11-05,NA,FALSE,NA,0.051,NA,NA
3148,B2607,NA,NA,1000,NA,NA,NA,NA,0.054,NA,7
3182,B2672,NA,NA,1000,NA,NA,NA,NA,0.058,NA,5
3190,B2693,NA,NA,1000,NA,NA,NA,NA,0.053,NA,6
3193,B2700,NA,NA,1000,NA,NA,NA,NA,0.052,NA,43
3194,B2702,NA,NA,1000,NA,NA,NA,NA,0.052,NA,17
3204,B2724,NA,NA,1000,NA,NA,NA,NA,0.055,NA,76
3212,B2736,NA,NA,1000,NA,NA,NA,NA,0.05,NA,3
3222,B2868,NA,NA,1000,2015-12-16,NA,TRUE,grass removed,0.049,NA,45
3223,B2869,NA,NA,1000,NA,NA,NA,NA,0.054,NA,27
3225,B2873,NA,NA,1000,NA,NA,NA,NA,0.053,NA,18
3232,B2892,NA,NA,1000,2015-11-23,NA,FALSE,NA,0.05,NA,76
3233,B2899,NA,NA,1000,NA,NA,NA,NA,0.054,NA,7
3235,B2904,NA,NA,1000,NA,NA,NA,NA,0.054,NA,7
3237,B2906,NA,NA,1000,2015-11-05,NA,FALSE,NA,0.053,NA,76
3241,B2926,NA,NA,1000,NA,NA,NA,NA,0.052,NA,17
3249,B2952,NA,NA,1000,2015-11-22,NA,FALSE,NA,0.047,NA,77
3256,B2967,NA,NA,1000,NA,NA,NA,NA,0.057,NA,NA
3258,B2969,NA,NA,1000,NA,NA,NA,NA,0.051,NA,7
3267,B2999,NA,NA,1000,NA,NA,NA,NA,0.053,NA,17
3268,B3002,NA,NA,1000,NA,NA,NA,NA,0.056,NA,18
3277,B3037,NA,NA,1000,NA,NA,NA,NA,0.053,NA,17
3283,B3060,NA,NA,1000,NA,NA,NA,NA,0.051,NA,7
3292,B3093,NA,NA,1000,2015-11-23,NA,FALSE,bracts removed,0.05,NA,77
3308,B3134,NA,NA,1000,NA,NA,NA,NA,0.057,NA,17
3309,B3136,NA,NA,1000,NA,NA,NA,NA,0.053,NA,18
3318,B3154,NA,NA,1000,NA,NA,NA,NA,0.013,NA,17
3319,B3156,NA,NA,1000,NA,NA,NA,NA,0.027,NA,17
3324,B3164,NA,NA,1000,NA,NA,NA,NA,0.052,NA,18
3325,B3168,NA,NA,1000,NA,NA,NA,NA,0.053,NA,18
3326,B3171,NA,NA,1000,NA,NA,NA,NA,0.053,NA,17
3329,B3180,NA,NA,1000,NA,NA,NA,NA,0.05,NA,7
3330,B3181,NA,NA,1000,NA,NA,NA,NA,0.053,NA,7
3334,B3186,NA,NA,1000,NA,NA,NA,NA,0.011,NA,18
3342,B3209,NA,NA,1000,NA,NA,NA,NA,0.053,NA,NA
3346,B3219,NA,NA,1000,NA,NA,NA,NA,0.054,NA,NA
3350,B3237,NA,NA,1000,NA,NA,NA,NA,0.05,NA,NA
3351,B3239,NA,NA,1000,NA,NA,NA,NA,0.051,NA,1
3354,B3251,NA,NA,1000,NA,NA,NA,NA,0.054,NA,17
3355,B3265,NA,NA,1000,NA,NA,NA,NA,0.048,NA,18
3357,B3268,NA,NA,1000,NA,NA,NA,NA,0.053,NA,17
3362,B3281,NA,NA,1000,NA,NA,NA,NA,0.054,NA,8
3364,B3284,NA,NA,1000,2015-11-20,NA,FALSE,NA,0.049,NA,75
3365,B3286,NA,NA,1000,NA,NA,NA,NA,0.051,NA,NA
3366,B3287,NA,NA,1000,NA,NA,NA,NA,0.054,NA,13
3368,B3296,NA,NA,1000,NA,NA,NA,NA,0.054,NA,17
3369,B3297,NA,NA,1000,NA,NA,NA,NA,0.058,NA,27
3375,B3305,NA,NA,1000,NA,NA,NA,NA,0.052,NA,18
3378,B3310,NA,NA,1000,NA,NA,NA,NA,0.055,NA,7
3379,B3314,NA,NA,1000,NA,NA,NA,NA,0.054,NA,17
3381,B3320,NA,NA,1000,NA,NA,NA,NA,0.036,NA,17
3383,B3323,NA,NA,1000,NA,NA,NA,NA,0.052,NA,NA
3386,B3340,NA,NA,1000,NA,NA,NA,NA,0.054,NA,17
3391,B3355,NA,NA,1000,NA,NA,NA,NA,0.053,NA,7
3395,B3370,NA,NA,1000,2015-11-23,NA,FALSE,NA,0.05,NA,75
3398,B3377,NA,NA,1000,NA,NA,NA,NA,0.052,NA,17
3400,B3381,NA,NA,1000,NA,NA,NA,NA,0.051,NA,18
3401,B3382,NA,NA,1000,NA,NA,NA,NA,0.055,NA,18
3402,B3392,NA,NA,1000,NA,NA,NA,NA,0.057,NA,7
3404,B3405,NA,NA,1000,NA,NA,NA,NA,0.055,NA,17
3407,B3414,NA,NA,1000,NA,NA,NA,NA,0.053,NA,17
3413,B3467,NA,NA,1000,2015-12-01,NA,FALSE,NA,0.05,NA,45
3415,B3474,NA,NA,1000,NA,NA,NA,NA,0.062,NA,19
3416,B3475,NA,NA,1000,2015-11-24,NA,FALSE,NA,0.05,NA,45
3419,B3500,NA,NA,1000,NA,NA,NA,NA,0.058,NA,NA
3420,B3502,NA,NA,1000,NA,NA,NA,NA,0.053,NA,19
3422,B3506,NA,NA,1000,NA,NA,NA,NA,0.055,NA,19
3424,B3511,NA,NA,1000,2015-12-01,NA,FALSE,NA,0.038,NA,45
3426,B3522,NA,NA,1000,2015-12-01,NA,FALSE,NA,0.038,NA,45
3428,B3526,NA,NA,1000,2015-12-01,NA,FALSE,NA,0.053,NA,45
3429,B3532,NA,NA,1000,NA,NA,NA,NA,0.052,NA,20
3430,B3536,NA,NA,1000,2015-12-01,NA,FALSE,NA,0.049,NA,45
3431,B3538,NA,NA,1000,NA,NA,NA,NA,0.063,NA,6
3432,B3539,NA,NA,1000,2015-12-15,NA,FALSE,NA,0.054,NA,45
3434,B3543,NA,NA,1000,NA,NA,NA,NA,0.052,NA,19
3435,B3549,NA,NA,1000,NA,NA,NA,NA,0.053,NA,NA
3436,B3550,NA,NA,1000,2015-12-01,NA,FALSE,NA,0.049,NA,45
3438,B3553,NA,NA,1000,2015-11-30,NA,FALSE,NA,0.024,NA,45
3439,B3556,NA,NA,1000,2015-11-30,NA,FALSE,bracts removed,0.05,NA,45
3441,B3559,NA,NA,1000,NA,NA,NA,NA,0.056,NA,8
3443,B3573,NA,NA,1000,NA,NA,NA,NA,0.058,NA,6
3451,B3608,NA,NA,1000,NA,NA,NA,NA,0.052,NA,NA
3453,B3618,NA,NA,1000,NA,NA,NA,NA,0.007,NA,7
3459,B3638,NA,NA,1000,2015-12-01,NA,FALSE,NA,0.05,NA,45
3460,B3643,NA,NA,1000,NA,NA,NA,NA,0.051,NA,7
3461,B3645,NA,NA,1000,NA,NA,NA,NA,0.05,NA,19
3471,B3666,NA,NA,1000,NA,NA,NA,NA,0.052,NA,18
3476,B3672,NA,NA,1000,NA,NA,NA,NA,0.057,NA,43
3480,B3681,NA,NA,1000,NA,NA,NA,NA,0.053,NA,17
3482,B3687,NA,NA,1000,NA,NA,NA,NA,0.056,NA,6
3485,B3699,NA,NA,1000,NA,NA,NA,NA,0.056,NA,NA
3486,B3704,NA,NA,1000,2015-11-30,NA,FALSE,NA,0.047,NA,45
3487,B3718,NA,NA,1000,2015-12-01,NA,FALSE,NA,0.034,NA,45
3488,B3719,NA,NA,1000,NA,NA,NA,NA,0.053,NA,NA
3489,B3721,NA,NA,1000,NA,NA,NA,NA,0.055,NA,19
3490,B3722,NA,NA,1000,NA,NA,NA,NA,0.055,NA,NA
3492,B3729,NA,NA,1000,2015-12-01,NA,FALSE,NA,0.053,NA,45
3493,B3730,NA,NA,1000,2015-11-30,NA,FALSE,NA,0.042,NA,45
3495,B3733,NA,NA,1000,NA,NA,NA,NA,0.058,NA,19
3499,B3741,NA,NA,1000,NA,NA,NA,NA,0.055,NA,20
3500,B3753,NA,NA,1000,NA,NA,NA,NA,0.056,NA,19
3501,B3756,NA,NA,1000,NA,NA,NA,NA,0.05,NA,6
3503,B3763,NA,NA,1000,2015-12-01,NA,FALSE,NA,0.053,NA,45
3504,B3764,NA,NA,1000,NA,NA,NA,NA,0.053,NA,18
3505,B3769,NA,NA,1000,NA,NA,NA,NA,0.056,NA,6
3506,B3783,NA,NA,1000,NA,NA,NA,NA,0.058,NA,6
3509,B3792,NA,NA,1000,NA,NA,NA,NA,0.052,NA,17
3510,B3805,NA,NA,1000,NA,NA,NA,NA,0.056,NA,7
3512,B3813,NA,NA,1000,2015-12-01,NA,FALSE,bracts removed,0.033,NA,45
3514,B3826,NA,NA,1000,2015-11-30,NA,FALSE,NA,0.011,NA,45
3517,B3832,NA,NA,1000,NA,NA,NA,NA,0.05,NA,19
3519,B3838,NA,NA,1000,NA,NA,NA,NA,0.056,NA,18
3520,B3841,NA,NA,1000,NA,NA,NA,NA,0.057,NA,43
3521,B3842,NA,NA,1000,2015-11-24,NA,FALSE,NA,0.049,NA,45
3523,B3845,NA,NA,1000,2015-12-01,NA,FALSE,needles removed,0.049,NA,45
3535,B3876,NA,NA,1000,NA,NA,NA,NA,0.057,NA,19
3538,B3881,NA,NA,1000,2015-11-19,NA,FALSE,NA,0.052,NA,75
3540,B3886,NA,NA,1000,2015-11-23,NA,FALSE,bracts removed,0.053,NA,75
3541,B3888,NA,NA,1000,NA,NA,NA,NA,0.054,NA,17
3569,B3952,NA,NA,1000,NA,NA,NA,NA,0.053,NA,6
3655,B4154,NA,NA,1000,NA,NA,NA,NA,0.057,NA,43
3670,B4225,NA,NA,1000,NA,NA,NA,NA,0.051,NA,7
3676,B4259,NA,NA,1000,2015-12-01,NA,FALSE,NA,0.052,NA,71
3677,B4265,NA,NA,1000,NA,NA,NA,NA,0.039,NA,NA
3689,B4318,NA,NA,1000,NA,NA,NA,NA,0.052,NA,8
3691,B4334,NA,NA,1000,NA,NA,NA,NA,0.056,NA,20
3694,B4343,NA,NA,1000,NA,NA,NA,NA,0.05,NA,NA
3698,B4355,NA,NA,1000,NA,NA,NA,NA,0.055,NA,7
3701,B4388,NA,NA,1000,NA,NA,NA,NA,0.051,NA,NA
3702,B4394,NA,NA,1000,NA,NA,NA,NA,0.052,NA,17
3707,B4408,NA,NA,1000,2015-12-01,NA,FALSE,NA,0.011,NA,71
3715,B4435,NA,NA,1000,NA,NA,NA,NA,0.037,NA,7
3716,B4440,NA,NA,1000,2015-11-30,NA,FALSE,NA,0.05,NA,71
3724,B4462,NA,NA,1000,NA,NA,NA,NA,0.051,NA,17
3727,B4468,NA,NA,1000,NA,NA,NA,NA,0.052,NA,NA
3729,B4478,NA,NA,1000,2015-11-23,NA,FALSE,NA,0.05,NA,74
3733,B4495,NA,NA,1000,NA,NA,NA,NA,0.057,NA,8
3744,B4529,NA,NA,1000,NA,NA,NA,NA,0.056,NA,18
3755,B4569,NA,NA,1000,2015-12-01,NA,FALSE,NA,0.05,NA,71
3756,B4580,NA,NA,1000,NA,NA,NA,NA,0.053,NA,17
3762,B4598,NA,NA,1000,NA,NA,NA,NA,0.053,NA,6
3763,C0004,NA,NA,1000,NA,NA,NA,NA,0.058,NA,43
3767,C0012,NA,NA,1000,NA,NA,NA,NA,0.054,NA,18
3768,C0013,NA,NA,1000,NA,NA,NA,NA,0.053,NA,NA
3769,C0014,NA,NA,1000,2015-11-30,NA,TRUE,NA,0.052,NA,71
3772,C0023,NA,NA,1000,2015-12-01,NA,FALSE,bracts removed,0.054,NA,71
3773,C0026,NA,NA,1000,NA,NA,NA,NA,0.033,NA,8
3776,C0029,NA,NA,1000,NA,NA,NA,NA,0.05,NA,7
3777,C0030,NA,NA,1000,NA,NA,NA,NA,0.047,NA,NA
3780,C0039,NA,NA,1000,NA,NA,NA,NA,0.058,NA,NA
3781,C0041,NA,NA,1000,NA,NA,NA,NA,0.053,NA,8
3783,C0045,NA,NA,1000,NA,NA,NA,NA,0.053,NA,8
3785,C0048,NA,NA,1000,NA,NA,NA,NA,0.054,NA,19
3786,C0050,NA,NA,1000,NA,NA,NA,NA,0.055,NA,18
3790,C0062,NA,NA,1000,NA,NA,NA,NA,0.052,NA,20
3793,C0067,NA,NA,1000,2015-12-01,NA,TRUE,NA,0.05,NA,71
3794,C0068,NA,NA,1000,NA,NA,NA,NA,0.054,NA,NA
3795,C0071,NA,NA,1000,2015-12-01,NA,FALSE,NA,0.042,NA,71
3797,C0074,NA,NA,1000,NA,NA,NA,NA,0.052,NA,8
3798,C0075,NA,NA,1000,NA,NA,NA,NA,0.054,NA,20
3800,C0081,NA,NA,1000,2015-11-30,NA,TRUE,bracts removed,0.05,NA,71
3801,C0082,NA,NA,1000,NA,NA,NA,NA,0.056,NA,20
3802,C0089,NA,NA,1000,NA,NA,NA,NA,0.057,NA,19
3804,C0093,NA,NA,1000,NA,NA,NA,NA,0.052,NA,20
3805,C0094,NA,NA,1000,2015-11-24,NA,TRUE,NA,0.05,NA,71
3806,C0095,NA,NA,1000,NA,NA,NA,NA,0.052,NA,8
3807,C0096,NA,NA,1000,NA,NA,NA,NA,0.056,NA,6
3809,C0101,NA,NA,1000,2015-11-24,NA,FALSE,NA,0.051,NA,71
3811,C0103,NA,NA,1000,NA,NA,NA,NA,0.055,NA,20
3812,C0104,NA,NA,1000,2015-11-24,NA,TRUE,bracts removed,0.048,NA,71
3817,C0115,NA,NA,1000,NA,NA,NA,NA,0.051,NA,19
3818,C0117,NA,NA,1000,2015-11-30,NA,TRUE,NA,0.05,NA,71
3819,C0121,NA,NA,1000,NA,NA,NA,NA,0.051,NA,6
3821,C0125,NA,NA,1000,2015-11-30,NA,FALSE,NA,0.05,NA,71
3822,C0126,NA,NA,1000,NA,NA,NA,NA,0.057,NA,20
3823,C0127,NA,NA,1000,NA,NA,NA,NA,0.054,NA,18
3825,C0131,NA,NA,1000,NA,NA,NA,NA,0.053,NA,19
3826,C0133,NA,NA,1000,NA,NA,NA,NA,0.054,NA,19
3827,C0135,NA,NA,1000,NA,NA,NA,NA,0.053,NA,7
3828,C0137,NA,NA,1000,2015-12-16,NA,FALSE,NA,0.05,NA,71
3832,C0144,NA,NA,1000,NA,NA,NA,NA,0.057,NA,17
3833,C0145,NA,NA,1000,2015-12-01,NA,FALSE,bracts removed,0.048,NA,72
3834,C0147,NA,NA,1000,2015-12-01,NA,FALSE,NA,0.052,NA,72
3835,C0148,NA,NA,1000,2015-11-30,NA,FALSE,NA,0.051,NA,72
3836,C0151,NA,NA,1000,NA,NA,NA,NA,0.052,NA,18
3837,C0153,NA,NA,1000,NA,NA,NA,NA,0.053,NA,20
3838,C0155,NA,NA,1000,2015-12-01,NA,FALSE,bracts removed,0.048,NA,72
3840,C0160,NA,NA,1000,NA,NA,NA,NA,0.05,NA,19
3841,C0162,NA,NA,1000,2015-12-01,NA,FALSE,NA,0.053,NA,72
3842,C0166,NA,NA,1000,2015-12-01,NA,FALSE,NA,0.05,NA,72
3843,C0167,NA,NA,1000,NA,NA,NA,NA,0.052,NA,18
3844,C0168,NA,NA,1000,NA,NA,NA,NA,0.054,NA,19
3846,C0171,NA,NA,1000,2015-11-24,NA,FALSE,leaves removed,0.051,NA,72
3850,C0178,NA,NA,1000,NA,NA,NA,NA,0.056,NA,13
3853,C0183,NA,NA,1000,NA,NA,NA,NA,0.053,NA,20
3854,C0191,NA,NA,1000,2015-11-30,NA,FALSE,bracts removed,0.03,NA,72
3860,C0206,NA,NA,1000,NA,NA,NA,NA,0.053,NA,6
3861,C0208,NA,NA,1000,NA,NA,NA,NA,0.051,NA,8
3863,C0210,NA,NA,1000,NA,NA,NA,NA,0.053,NA,NA
3864,C0211,NA,NA,1000,2015-11-30,NA,FALSE,bracts removed,0.051,NA,72
3866,C0213,NA,NA,1000,2015-12-15,NA,FALSE,NA,0.044,NA,72
3869,C0228,NA,NA,1000,2015-12-01,NA,FALSE,NA,0.048,NA,72
3870,C0229,NA,NA,1000,NA,NA,NA,NA,0.051,NA,43
3872,C0235,NA,NA,1000,NA,NA,NA,NA,0.056,NA,8
3873,C0239,NA,NA,1000,NA,NA,NA,NA,0.051,NA,43
3877,C0253,NA,NA,1000,NA,NA,NA,NA,0.053,NA,19
3878,C0256,NA,NA,1000,2015-12-16,NA,FALSE,NA,0.012,NA,72
3879,C0263,NA,NA,1000,NA,NA,NA,NA,0.057,NA,7
3880,C0265,NA,NA,1000,2015-11-24,NA,FALSE,needles removed,0.051,NA,72
3881,C0272,NA,NA,1000,2015-11-30,NA,FALSE,bracts removed,0.048,NA,72
3882,C0274,NA,NA,1000,2015-12-01,NA,FALSE,NA,0.035,NA,72
3889,C0310,NA,NA,1000,2015-12-01,NA,FALSE,NA,0.022,NA,72
3890,C0315,NA,NA,1000,NA,NA,NA,NA,0.057,NA,20
3892,C0319,NA,NA,1000,2015-12-01,NA,FALSE,grass removed,0.049,NA,72
3894,C0324,NA,NA,1000,NA,NA,NA,NA,0.044,NA,8
3895,C0325,NA,NA,1000,2015-11-30,NA,TRUE,NA,0.051,NA,72
3896,C0331,NA,NA,1000,NA,NA,NA,NA,0.063,NA,19
3898,C0337,NA,NA,1000,NA,NA,NA,NA,0.052,NA,7
3900,C0345,NA,NA,1000,2015-12-01,NA,FALSE,NA,0.051,NA,72
3905,C0372,NA,NA,1000,2015-11-30,NA,FALSE,NA,0.049,NA,72
3906,C0374,NA,NA,1000,NA,NA,NA,NA,0.057,NA,19
3907,C0375,NA,NA,1000,2015-12-01,NA,FALSE,NA,0.052,NA,72
3911,C0385,NA,NA,1000,NA,NA,NA,NA,0.053,NA,43
3912,C0387,NA,NA,1000,NA,NA,NA,NA,0.01,NA,43
3923,C0413,NA,NA,1000,NA,NA,NA,NA,0.053,NA,NA
3925,C0418,NA,NA,1000,NA,NA,NA,NA,0.054,NA,43
3926,C0419,NA,NA,1000,NA,NA,NA,NA,0.055,NA,NA
3927,C0423,NA,NA,1000,2015-12-01,NA,FALSE,NA,0.022,NA,72
3928,C0424,NA,NA,1000,2015-11-30,NA,FALSE,NA,0.033,NA,72
3934,C0436,NA,NA,1000,NA,NA,NA,NA,0.054,NA,20
3935,C0438,NA,NA,1000,2015-12-01,NA,FALSE,grass removed,0.052,NA,72
3937,C0442,NA,NA,1000,NA,NA,NA,NA,0.051,NA,20
3939,C0445,NA,NA,1000,NA,NA,NA,NA,0.01,NA,43
3941,C0453,NA,NA,1000,NA,NA,NA,NA,0.051,NA,6
3942,C0454,NA,NA,1000,NA,NA,NA,NA,0.054,NA,18
3943,C0455,NA,NA,1000,2015-11-30,NA,TRUE,bracts removed,0.052,NA,72
3946,C0464,NA,NA,1000,NA,NA,NA,NA,0.05,NA,19
3949,C0469,NA,NA,1000,NA,NA,NA,NA,0.053,NA,NA
3951,C0475,NA,NA,1000,2015-12-16,NA,FALSE,bracts removed,0.053,NA,71
3953,C0481,NA,NA,1000,NA,NA,NA,NA,0.055,NA,NA
3954,C0482,NA,NA,1000,NA,NA,NA,NA,0.053,NA,20
3959,C0499,NA,NA,1000,2015-12-01,NA,FALSE,NA,0.053,NA,70
3961,C0504,NA,NA,1000,NA,NA,NA,NA,0.054,NA,8
3962,C0511,NA,NA,1000,2015-12-01,NA,FALSE,bracts removed,0.052,NA,70
3963,C0513,NA,NA,1000,2015-12-01,NA,FALSE,bract and needles removed,0.05,NA,70
3965,C0515,NA,NA,1000,NA,NA,NA,NA,0.057,NA,6
3968,C0524,NA,NA,1000,NA,NA,NA,NA,0.05,NA,19
3971,C0529,NA,NA,1000,2015-12-01,NA,FALSE,needles removed,0.049,NA,70
3972,C0530,NA,NA,1000,NA,NA,NA,NA,0.053,NA,6
3974,C0545,NA,NA,1000,2015-12-01,NA,FALSE,NA,0.049,NA,70
3975,C0547,NA,NA,1000,2015-11-30,NA,TRUE,NA,0.05,NA,70
3976,C0551,NA,NA,1000,NA,NA,NA,NA,0.054,NA,19
3977,C0553,NA,NA,1000,2015-12-15,NA,FALSE,NA,0.053,NA,70
3979,C0558,NA,NA,1000,2015-11-30,NA,FALSE,bracts removed,0.051,NA,70
3981,C0561,NA,NA,1000,NA,NA,NA,NA,0.056,NA,20
3984,C0566,NA,NA,1000,2015-11-30,NA,FALSE,NA,0.017,NA,70
3985,C0571,NA,NA,1000,2015-12-16,NA,FALSE,NA,0.051,NA,70
3986,C0572,NA,NA,1000,2015-11-30,NA,TRUE,bracts removed,0.05,NA,70
3987,C0578,NA,NA,1000,2015-11-30,NA,FALSE,NA,0.052,NA,70
3988,C0580,NA,NA,1000,2015-11-24,NA,TRUE,bracts removed,0.049,NA,70
3990,C0586,NA,NA,1000,2015-12-01,NA,FALSE,NA,0.048,NA,70
3991,C0588,NA,NA,1000,2015-12-01,NA,TRUE,NA,0.048,NA,70
3993,C0590,NA,NA,1000,2015-12-01,NA,FALSE,NA,0.024,NA,NA
3995,C0592,NA,NA,1000,2015-12-16,NA,TRUE,bracts removed,0.054,NA,NA
3999,C0616,NA,NA,1000,2015-12-16,NA,FALSE,NA,0.05,NA,70
4000,C0622,NA,NA,1000,NA,NA,NA,NA,0.052,NA,19
4003,C0628,NA,NA,1000,2015-11-30,NA,FALSE,bracts removed,0.05,NA,70
4004,C0631,NA,NA,1000,NA,NA,NA,NA,0.052,NA,19
4011,C0665,NA,NA,1000,NA,NA,NA,NA,0.051,NA,NA
4014,C0673,NA,NA,1000,2015-12-16,NA,FALSE,NA,0.05,NA,70
4019,C0695,NA,NA,1000,2015-12-16,NA,FALSE,NA,0.052,NA,70
4020,C0696,NA,NA,1000,NA,NA,NA,NA,0.055,NA,20
4022,C0703,NA,NA,1000,NA,NA,NA,NA,0.053,NA,19
4023,C0716,NA,NA,1000,NA,NA,NA,NA,0.056,NA,19
4024,C0721,NA,NA,1000,2015-12-15,NA,FALSE,NA,0.052,NA,70
4031,C0750,NA,NA,1000,2015-12-01,NA,FALSE,bracts removed,0.053,NA,70
4032,C0751,NA,NA,1000,2015-11-24,NA,FALSE,NA,0.052,NA,70
4035,C0755,NA,NA,1000,2015-12-15,NA,FALSE,bracts removed,0.051,NA,71
4036,C0760,NA,NA,1000,NA,NA,NA,NA,0.052,NA,19
4037,C0764,NA,NA,1000,2015-12-16,NA,FALSE,NA,0.051,NA,NA
4038,C0767,NA,NA,1000,NA,NA,NA,NA,0.053,NA,19
4039,C0769,NA,NA,1000,2015-12-01,NA,FALSE,NA,0.05,NA,71
4040,C0771,NA,NA,1000,2015-12-01,NA,FALSE,bracts removed,0.048,NA,71
4043,C0793,NA,NA,1000,2015-12-15,NA,FALSE,NA,0.053,NA,71
4048,C0808,NA,NA,1000,2015-12-16,NA,FALSE,NA,0.053,NA,71
4051,C0824,NA,NA,1000,2015-12-16,NA,FALSE,leaves removed,0.054,NA,71
4052,C0827,NA,NA,1000,NA,NA,NA,NA,0.056,NA,6
4053,C0841,NA,NA,1000,NA,NA,NA,NA,0.052,NA,19
4054,C0842,NA,NA,1000,NA,NA,NA,NA,0.056,NA,19
4058,C0850,NA,NA,1000,2015-12-15,NA,TRUE,bracts removed,0.054,NA,71
4062,C0868,NA,NA,1000,2015-12-15,NA,FALSE,NA,0.051,NA,71
4063,C0871,NA,NA,1000,NA,NA,NA,NA,0.054,NA,7
4068,C0925,NA,NA,1000,NA,NA,NA,NA,0.05,NA,NA
4069,C0931,NA,NA,1000,NA,NA,NA,NA,0.056,NA,20
4070,C0933,NA,NA,1000,NA,NA,NA,NA,0.055,NA,19
4076,C0958,NA,NA,1000,NA,NA,NA,NA,0.058,NA,6
4077,C0961,NA,NA,1000,2015-12-16,NA,FALSE,NA,0.052,NA,71
4078,C0963,NA,NA,1000,NA,NA,NA,NA,0.054,NA,8
4081,C0973,NA,NA,1000,NA,NA,NA,NA,0.051,NA,7
4084,C0983,NA,NA,1000,2015-12-15,NA,FALSE,NA,0.046,NA,71
4086,C0991,NA,NA,1000,NA,NA,NA,NA,0.053,NA,NA
4098,C1262,NA,NA,1000,2015-12-15,NA,FALSE,NA,0.051,NA,78
4102,C1289,NA,NA,1000,2015-12-15,NA,FALSE,bracts removed,0.049,NA,78
4107,C1310,NA,NA,1000,2015-12-16,NA,TRUE,NA,0.048,NA,78
4108,C1312,NA,NA,1000,2015-12-16,NA,FALSE,NA,0.051,NA,78
4111,C1322,NA,NA,1000,2015-12-15,NA,FALSE,NA,0.038,NA,78
4112,C1324,NA,NA,1000,2015-12-16,NA,FALSE,NA,0.049,NA,78
4117,C1376,NA,NA,1000,2015-12-15,NA,FALSE,NA,0.047,NA,78
4118,C1390,NA,NA,1000,2015-12-15,NA,FALSE,grass removed,0.053,NA,78
4120,C1396,NA,NA,1000,2015-12-16,NA,FALSE,NA,0.051,NA,78
4123,C1410,NA,NA,1000,2015-12-15,NA,FALSE,NA,0.053,NA,78
4124,C1417,NA,NA,1000,2015-12-16,NA,TRUE,bract and needles removed,0.051,NA,78
4126,C1421,NA,NA,1000,2015-12-16,NA,FALSE,NA,0.053,NA,NA
4127,C1423,NA,NA,1000,2015-12-16,NA,FALSE,NA,0.051,NA,78
4128,C1426,NA,NA,1000,2015-12-16,NA,TRUE,bract and needles removed,0.048,NA,78
4132,C1453,NA,NA,1000,2015-12-16,NA,FALSE,NA,0.051,NA,79
4133,C1454,NA,NA,1000,2015-12-15,NA,FALSE,NA,0.051,NA,79
4134,C1458,NA,NA,1000,2015-12-15,NA,FALSE,NA,0.049,NA,79
4138,C1486,NA,NA,1000,2015-12-15,NA,FALSE,NA,0.054,NA,79
4139,C1487,NA,NA,1000,2015-12-16,NA,FALSE,NA,0.052,NA,79
4141,C1498,NA,NA,1000,2015-12-16,NA,TRUE,NA,0.053,NA,79
4147,C1560,NA,NA,1000,2015-12-16,NA,FALSE,"bract, grass, and leaf removed",0.0365,NA,79
4154,C1642,NA,NA,1000,2015-12-16,NA,FALSE,NA,0.052,NA,79
4162,C1695,NA,NA,1000,2015-12-16,NA,TRUE,bract and leaves removed,0.05,NA,79
4163,C1697,NA,NA,1000,2015-12-15,NA,FALSE,NA,0.054,NA,79
4192,C3929,NA,NA,1000,2015-12-16,NA,FALSE,bract and grass removed,0.037,NA,NA
4193,C4062,NA,NA,1000,2015-12-16,NA,FALSE,NA,0.048,NA,NA
4258,H038,NA,NA,1000,2015-10-26,NA,TRUE,NA,0.032,NA,NA
4648,H1255,NA,NA,1000,2015-10-08,FVK,FALSE,bracts removed,0.048,NA,66
4700,H1381,NA,NA,1000,2015-10-17,NA,FALSE,needles removed,0.046,NA,59
4743,H146,NA,NA,1000,2015-10-17,NA,FALSE,grass removed,0.048,NA,NA
4896,H1876,NA,NA,1000,2016-03-11,NA,FALSE,NA,0.053,NA,77
5061,H2653,NA,NA,1000,2015-10-23,NA,FALSE,NA,0.048,NA,NA
5062,H2930,NA,NA,1000,2015-10-14,NA,FALSE,bracts removed,0.052,NA,61
5219,I1477,NA,NA,1000,2015-07-02,FVK,FALSE,SPRUCE NEEDLE REMOVED,0.051,NA,12
5225,I1502,NA,NA,1000,2016-02-15,NA,TRUE,NA,0.05,NA,38
5250,I1625,NA,NA,1000,2015-07-02,FVK,FALSE,NA,0.054,NA,NA
5251,I1627,NA,NA,1000,2015-07-02,FVK,FALSE,NA,0.051,NA,11
5286,I1765,NA,NA,1000,2015-07-02,FVK,FALSE,NA,0.054,NA,11
5287,I1768,NA,NA,1000,2016-03-31,NA,FALSE,NA,0.046,NA,29
5291,I1790,NA,NA,1000,2016-02-23,NA,FALSE,bracts removed,0.05,NA,NA
5317,I1978,NA,NA,1000,2016-02-16,NA,FALSE,leaves and needles removed,0.053,NA,38
5326,I2052,NA,NA,1000,NA,NA,NA,NA,0.053,NA,NA
5327,I2074,NA,NA,1000,2016-02-12,NA,FALSE,bracts removed,0.048,NA,36
5331,I2124,NA,NA,1000,2015-10-04,NA,NA,bracts removed,0.046,NA,NA
5360,I2335,NA,NA,1000,NA,NA,NA,NA,0.052,NA,NA
5368,I2352,NA,NA,1000,2015-09-01,FVK,TRUE,NA,0.051,NA,37
5437,I2641,NA,NA,1000,NA,NA,NA,NA,0.036,NA,NA
5507,I2925,NA,NA,1000,2015-10-04,NA,NA,NA,0.052,NA,41
5597,I3278,NA,NA,1000,2015-10-04,NA,NA,NA,0.036,NA,NA
5598,I3294,NA,NA,1000,2015-09-02,FVK,FALSE,NA,0.05,NA,34
5630,I3428,NA,NA,1000,2016-03-30,NA,FALSE,NA,0.023,NA,29
5639,I3461,NA,NA,1000,2016-03-29,NA,FALSE,NA,0.01,NA,NA
5642,I3482,NA,NA,1000,2016-03-29,NA,FALSE,NA,0.05,NA,NA
5661,I3568,NA,NA,1000,2016-03-29,NA,FALSE,NA,0.054,NA,NA
5669,I3592,NA,NA,1000,2016-03-29,NA,FALSE,NA,0.051,NA,NA
5686,I3630,NA,NA,1000,2015-09-01,FVK,TRUE,bract and needles removed,0.04,NA,34
5687,I3638,NA,NA,1000,2015-09-02,FVK,FALSE,NA,0.054,NA,28
5696,I3688,NA,NA,1000,2016-03-29,NA,FALSE,grass removed,0.052,NA,NA
5698,I3693,NA,NA,1000,2016-03-25,NA,FALSE,NA,0.053,NA,NA
5699,I3695,NA,NA,1000,2016-03-28,NA,FALSE,NA,0.032,NA,NA
5711,I3724,NA,NA,1000,2016-03-28,NA,FALSE,NA,0.01,NA,NA
5713,I3731,NA,NA,1000,2016-03-30,NA,FALSE,NA,0.048,NA,28
5715,I3735,NA,NA,1000,2016-03-28,NA,TRUE,NA,0.053,NA,NA
5720,I3762,NA,NA,1000,2016-03-29,NA,FALSE,NA,0.05,NA,NA
5733,I3793,NA,NA,1000,2016-03-25,NA,FALSE,NA,0.048,NA,NA
5734,I3794,NA,NA,1000,2016-03-29,NA,FALSE,NA,0.053,NA,NA
5738,I3806,NA,NA,1000,2016-03-29,NA,FALSE,NA,0.052,NA,28
5739,I3808,NA,NA,1000,2016-03-30,NA,FALSE,leaves removed,0.053,NA,29
5740,I3811,NA,NA,1000,2016-03-29,NA,FALSE,NA,0.046,NA,NA
5751,I3859,NA,NA,1000,2016-03-29,NA,FALSE,bracts and grass removed,0.049,NA,NA
5753,I3861,NA,NA,1000,2016-03-29,NA,FALSE,NA,0.019,NA,NA
5761,I3888,NA,NA,1000,2016-03-29,NA,FALSE,NA,0.05,NA,NA
5763,I3890,NA,NA,1000,2016-03-25,NA,FALSE,I3998,0.041,NA,NA
5765,I3896,NA,NA,1000,2016-03-29,NA,FALSE,NA,0.045,NA,NA
5766,I3898,NA,NA,1000,2016-03-28,NA,FALSE,NA,0.039,NA,NA
5767,I3900,NA,NA,1000,2016-03-29,NA,FALSE,NA,0.048,NA,NA
5780,I3923,NA,NA,1000,2016-03-28,NA,FALSE,NA,0.053,NA,NA
5788,I3945,NA,NA,1000,2016-03-28,NA,FALSE,NA,0.037,NA,NA
5802,I3986,NA,NA,1000,2016-03-25,NA,FALSE,bracts removed,0.051,NA,NA
5806,I3998,NA,NA,1000,2016-03-25,NA,FALSE,NA,0.049,NA,NA
5808,I4003,NA,NA,1000,2016-03-31,NA,FALSE,NA,0.051,NA,28
5810,I4007,NA,NA,1000,2015-09-02,FVK,FALSE,leaves removed,0.023,NA,34
5811,I4008,NA,NA,1000,2016-03-30,NA,TRUE,bracts removed,0.051,NA,29
5817,I4052,NA,NA,1000,2016-03-30,NA,FALSE,NA,0.052,NA,28
5818,I4054,NA,NA,1000,2016-03-29,NA,FALSE,NA,0.05,NA,NA
5819,I4055,NA,NA,1000,2016-11-11,NA,FALSE,NA,0.05,NA,NA
5826,I4066,NA,NA,1000,2016-03-31,NA,FALSE,leaves removed,0.05,NA,29
5836,I4079,NA,NA,1000,2016-03-28,NA,FALSE,NA,0.05,NA,NA
5839,I4082,NA,NA,1000,2016-03-28,NA,FALSE,leaves removed,0.053,NA,NA
5843,I4087,NA,NA,1000,2016-03-29,NA,TRUE,NA,0.048,NA,NA
5845,I4097,NA,NA,1000,2016-03-29,NA,FALSE,NA,0.054,NA,NA
5852,K0315,NA,NA,1000,2017-03-15,Matt Mallozzi,NA,NA,0.051,NA,NA
5937,K1235,NA,NA,1000,2016-11-18,NA,FALSE,NA,0.05,NA,44
6144,K3119,NA,NA,1000,2017-01-17,NA,FALSE,NA,0.049,NA,6
6231,K3966,NA,NA,1000,2016-11-08,NA,TRUE,leaves and needles removed,0.051,NA,NA
6243,K5035,NA,NA,1000,2016-11-09,NA,FALSE,needles removed,0.052,NA,NA
6247,K5084,NA,NA,1000,2016-11-10,NA,FALSE,bracts removed,0.035,NA,42
6252,K5125,NA,NA,1000,2016-11-10,NA,FALSE,NA,0.05,NA,42
6266,K5279,NA,NA,1000,2016-11-09,NA,FALSE,bracts removed,0.052,NA,42
6268,K5299,NA,NA,1000,2016-11-10,NA,TRUE,bract and needles removed,0.051,NA,43
6270,K5409,NA,NA,1000,2016-11-10,NA,FALSE,bract and needles removed,0.05,NA,42
6282,K5508,NA,NA,1000,2016-11-09,NA,FALSE,bract and needles removed,0.052,NA,42
6296,K5700,NA,NA,1000,2016-11-14,NA,TRUE,NA,0.021,NA,43
6298,K5702,NA,NA,1000,2016-11-14,NA,FALSE,bracts removed,0.049,NA,NA
6304,K5795,NA,NA,1000,2016-11-11,NA,FALSE,NA,0.05,NA,42
6307,K5834,NA,NA,1000,2016-11-08,NA,FALSE,leaves removed,0.051,NA,NA
6308,K5845,NA,NA,1000,2016-11-11,NA,FALSE,needles removed,0.034,NA,43
6314,K5866,NA,NA,1000,2016-11-09,NA,FALSE,needles removed,0.048,NA,42
6318,K5883,NA,NA,1000,2016-11-14,NA,FALSE,needles removed,0.011,NA,NA
6334,K6058,NA,NA,1000,2016-11-10,NA,FALSE,needles removed,0.052,NA,NA
6335,K6071,NA,NA,1000,2016-11-11,NA,FALSE,NA,0.051,NA,43
6339,K6084,NA,NA,1000,2016-11-14,NA,TRUE,bract and needles removed,0.051,NA,NA
6344,K6091,NA,NA,1000,2016-11-11,NA,FALSE,NA,0.042,NA,42
6345,K6097,NA,NA,1000,2016-11-14,NA,FALSE,NA,0.003,NA,NA
6351,K6173,NA,NA,1000,2016-11-08,NA,TRUE,bracts removed,0.039,NA,42
6359,K6214,NA,NA,1000,2016-11-09,NA,FALSE,bract and needles removed,0.052,NA,NA
6364,K6257,NA,NA,1000,2016-11-09,NA,FALSE,NA,0.052,NA,NA
6369,K6351,NA,NA,1000,2016-11-08,NA,TRUE,bract and needles removed,0.051,NA,42
6378,K6481,NA,NA,1000,2016-11-11,NA,FALSE,leaves and needles removed,0.0515,NA,NA
6393,L0340,2018-03-01,Mark Castaneda,1000,2018-01-19,Mark Castaneda,FALSE,leaves removed,0.053,TRUE,NA
6465,L1123,2018-06-01,Mark Castaneda,1000,2018-04-23,Adam Scott,FALSE,NA,0.051,TRUE,NA
6509,L1603,2018-03-01,Mark Castaneda,1000,2018-01-22,Alexandra Geiger,FALSE,needles removed,0.052,TRUE,NA
6594,L2107,2018-03-01,Mark Castaneda,1000,2018-01-22,Alexandra Geiger,FALSE,NA,0.052,TRUE,NA
6625,L2314,2018-07-01,Mark Castaneda,1000,2018-06-21,Mark Castaneda,FALSE,NA,0.037,FALSE,NA
6675,L2839,2018-07-01,Mark Castaneda,1000,2018-06-20,Mark Castaneda,FALSE,leaves removed,0.052,FALSE,NA
6747,L3505,2018-03-01,Mark Castaneda,1000,2018-01-22,Alexandra Geiger,FALSE,NA,0.047,FALSE,NA
6762,L3643,2018-03-01,Mark Castaneda,1000,2018-01-19,Mark Castaneda,FALSE,NA,0.052,TRUE,NA
6775,L3697,2018-07-01,Mark Castaneda,1000,2018-06-21,Mark Castaneda,FALSE,NA,0.051,TRUE,NA
6789,L3769,2018-07-01,Mark Castaneda,1000,2018-06-26,Mark Castaneda,FALSE,NA,0.023,FALSE,NA
6803,L3831,2018-07-01,Mark Castaneda,1000,2018-06-26,Mark Castaneda,FALSE,NA,0.052,TRUE,25
6804,L3832,2018-06-01,Mark Castaneda,1000,2018-04-13,Adam Scott,FALSE,NA,0.05,TRUE,22
6812,L5643,NA,NA,1000,NA,NA,NA,NA,NA,NA,NA
6817,L6018,2018-06-01,Mark Castaneda,1000,2018-04-13,Adam Scott,FALSE,NA,0.025,FALSE,NA
6818,L6024,2018-07-01,Mark Castaneda,1000,2018-06-21,Mark Castaneda,FALSE,leaves removed,0.048,TRUE,NA
6821,L6040,2018-07-01,Mark Castaneda,1000,2018-06-19,Mark Castaneda,FALSE,NA,0.02,FALSE,NA
6823,L6056,2018-07-01,Mark Castaneda,1000,2018-06-21,Mark Castaneda,FALSE,grass removed,0.051,TRUE,NA
6825,L6062,2018-07-01,Mark Castaneda,1000,2018-06-20,Mark Castaneda,FALSE,NA,0.05,TRUE,NA
6828,L6088,2018-07-01,Mark Castaneda,1000,2018-06-26,Mark Castaneda,FALSE,NA,0.052,TRUE,NA
6832,L6110,2018-07-01,Mark Castaneda,1000,2018-06-22,Mark Castaneda,FALSE,NA,0.048,TRUE,NA
6835,L6119,2018-07-01,Mark Castaneda,1000,2018-06-21,Mark Castaneda,FALSE,bracts removed,0.025,FALSE,NA
6836,L6120,2018-07-01,Mark Castaneda,1000,2018-06-20,Mark Castaneda,FALSE,NA,0.052,TRUE,NA
6848,L6162,2018-07-01,Mark Castaneda,1000,2018-06-26,Mark Castaneda,FALSE,leaves removed,0.05,TRUE,NA
6855,L6181,2018-07-01,Mark Castaneda,1000,2018-06-26,Mark Castaneda,FALSE,bracts removed,0.053,FALSE,NA
6858,L8055,2018-06-01,Mark Castaneda,1000,2018-03-28,Adam Scott,FALSE,seedling removed,0.05,TRUE,NA
6859,NA,NA,NA,1000,NA,NA,NA,NA,0.059,NA,NA
6902,P0136,NA,NA,1000,2015-11-07,NA,FALSE,NA,0.048,NA,52
6919,P0249,NA,NA,1000,NA,NA,NA,NA,0.053,NA,NA
6976,P0737,NA,NA,1000,NA,NA,NA,NA,0.05,NA,1
7062,P1074,NA,NA,1000,2015-11-06,NA,FALSE,NA,0.053,NA,54
7087,P1164,NA,NA,1000,2015-11-07,NA,FALSE,bract and needles removed,0.052,NA,NA
7109,P1245,NA,NA,1000,NA,NA,NA,NA,0.055,NA,1
7131,P1289,NA,NA,1000,NA,NA,NA,NA,0.053,NA,1
7185,P1428,NA,NA,1000,NA,NA,NA,NA,0.056,NA,NA
7197,P1463,NA,NA,1000,NA,NA,NA,NA,0.056,NA,1
7233,P1545,NA,NA,1000,NA,NA,NA,NA,0.053,NA,1
7266,P1657,NA,NA,1000,NA,NA,NA,NA,0.051,NA,14
7442,P2602,NA,NA,1000,2015-11-07,NA,FALSE,NA,0.046,NA,NA
7544,P3272,NA,NA,1000,2015-11-19,NA,FALSE,bract and needles removed,0.049,NA,NA
7605,T1656,2018-03-01,Mark Castaneda,1000,2018-01-19,Mark Castaneda,FALSE,needles removed,0.054,TRUE,21
7606,X,NA,NA,1000,2015-11-12,NA,FALSE,NA,0.048,NA,NA
